Workbook

Sheet Spese Condivise
A1: SPESE CONDIVISE DA DIVIDERE - Alex & Blake (Ott 2025 - Apr 2026)
A3: AFFITTO
A4: Data | B4: Descrizione | C4: Importo | D4: Fonte | E4: Pagato | F4: Note
A5: 16/10/2025 | B5: Affitto ottobre | C5: 350 | D5: Banca
A6: 17/11/2025 | B6: Affitto novembre | C6: 350 | D6: Banca
A7: 15/12/2025 | B7: Affitto dicembre | C7: 350 | D7: Banca
A8: 15/01/2026 | B8: Affitto gennaio | C8: 350 | D8: Banca
A9: 16/02/2026 | B9: Affitto febbraio | C9: 350 | D9: Banca
A10: 16/03/2026 | B10: Affitto marzo | C10: 350 | D10: Banca
A11: TOTALE | C11: =SUM(C5:C10)
A13: SPESA FISSA MENSILE (100 EUR/mese)
A14: Data | B14: Descrizione | C14: Importo | D14: Fonte | E14: Pagato | F14: Note
A15: 01/10/2025 | B15: Spesa fissa ottobre | C15: 100 | D15: Manuale
A16: 01/11/2025 | B16: Spesa fissa novembre | C16: 100 | D16: Manuale
A17: 01/12/2025 | B17: Spesa fissa dicembre | C17: 100 | D17: Manuale
A18: 01/01/2026 | B18: Spesa fissa gennaio | C18: 100 | D18: Manuale
A19: 01/02/2026 | B19: Spesa fissa febbraio | C19: 100 | D19: Manuale
A20: 01/03/2026 | B20: Spesa fissa marzo | C20: 100 | D20: Manuale
A21: 01/04/2026 | B21: Spesa fissa aprile | C21: 100 | D21: Manuale
A22: TOTALE | C22: =SUM(C15:C21)
A24: SUPERMERCATO / ALIMENTARI
A25: Data | B25: Descrizione | C25: Importo | D25: Fonte | E25: Pagato | F25: Note
A26: 02/10/2025 | B26: COOP Foligno | C26: 10.04 | D26: Banca
A27: 05/10/2025 | B27: COOP Foligno | C27: 80.85 | D27: Banca
A28: 06/10/2025 | B28: MAURY'S Foligno | C28: 39.28 | D28: Banca
A29: 10/10/2025 | B29: PIZZERIA MANCINI Foligno | C29: 4.9 | D29: Banca
A30: 15/10/2025 | B30: MAURY'S Foligno | C30: 27.13 | D30: Banca
A31: 15/10/2025 | B31: EUROSPIN Foligno | C31: 62.15 | D31: Banca
A32: 18/10/2025 | B32: INCOOP Roccastrada | C32: 23.43 | D32: Banca
A33: 22/10/2025 | B33: COOP Foligno | C33: 40.64 | D33: Banca
A34: 22/10/2025 | B34: TODIS Foligno | C34: 17.9 | D34: Banca
A35: 22/10/2025 | B35: COOP Foligno | C35: 11.9 | D35: Banca
A36: 30/10/2025 | B36: UNICOOP ETRURIA Foligno | C36: 69.18 | D36: Banca
A37: 31/10/2025 | B37: Parmigiano (bonifico) | C37: 105 | D37: Banca
... A67: 06/04/2026 | B67: GALA | C67: 2.58 | D67: Screenshot
A68: TOTALE | C68: =SUM(C26:C67)
A70: VERDURE MATTIA BRUNI (PayPal)
A71: Data | B71: Descrizione | C71: Importo | D71: Fonte | E71: Pagato | F71: Note
A72: 16/09/2025 | B72: Mattia Bruni - verdure | C72: 35.5 | D72: PayPal
A73: 24/09/2025 | B73: Mattia Bruni - verdure | C73: 18.7 | D73: PayPal
A74: 08/10/2025 | B74: Mattia Bruni - verdure | C74: 17.7 | D74: PayPal
A75: 12/10/2025 | B75: Mattia Bruni - verdure | C75: 15.75 | D75: PayPal
A76: 20/10/2025 | B76: Mattia Bruni - verdure | C76: 19.65 | D76: PayPal
A77: 05/11/2025 | B77: Mattia Bruni - verdure | C77: 36.15 | D77: PayPal
A78: 19/11/2025 | B78: Mattia Bruni - verdure | C78: 25.25 | D78: PayPal
A79: 01/12/2025 | B79: Mattia Bruni - verdure | C79: 12.8 | D79: PayPal
A80: 10/12/2025 | B80: Mattia Bruni - verdure | C80: 20.28 | D80: PayPal
A81: 18/12/2025 | B81: Mattia Bruni - verdure | C81: 24 | D81: PayPal
A82: 23/12/2025 | B82: Mattia Bruni - verdure | C82: 11.6 | D82: PayPal
A83: 05/01/2026 | B83: Mattia Bruni - verdure | C83: 17.8 | D83: PayPal
... A90: 30/03/2026 | B90: Mattia Bruni - verdure | C90: 24.8 | D90: PayPal
A91: TOTALE | C91: =SUM(C72:C90)
A93: KORO ALIMENTARI (PayPal)
A94: Data | B94: Descrizione | C94: Importo | D94: Fonte | E94: Pagato | F94: Note
A95: 07/02/2026 | B95: KoRo - Ordine 17573062 | C95: 99.27 | D95: PayPal
A96: 07/02/2026 | B96: KoRo - Ordine 17573232 | C96: 99.27 | D96: PayPal
A97: 07/02/2026 | B97: KoRo - Ordine 17573269 | C97: 102.12 | D97: PayPal
A98: 25/02/2026 | B98: KoRo - Ordine 17734144 | C98: 100.21 | D98: PayPal
A99: 01/04/2026 | B99: KoRo - Ordine 18072079 | C99: 100 | D99: PayPal
A100: TOTALE | C100: =SUM(C95:C99)
A102: MANDORLE / NOCCIOLE (forfettario)
A103: Data | B103: Descrizione | C103: Importo | D103: Fonte | E103: Pagato | F103: Note
A104: 01/10/2025 | B104: Mandorle e nocciole (forfettario) | C104: 150 | D104: Manuale
A105: TOTALE | C105: =SUM(C104)
A107: BOLLETTE / UTENZE
A108: Data | B108: Descrizione | C108: Importo | D108: Fonte | E108: Pagato | F108: Note
A109: 02/11/2025 | B109: Starlink Internet - novembre | C109: 40 | D109: Banca
A110: 02/12/2025 | B110: Starlink Internet - dicembre | C110: 20 | D110: Banca
A111: 02/01/2026 | B111: Starlink Internet - gennaio | C111: 20 | D111: Banca
A112: 02/02/2026 | B112: Starlink Internet - febbraio | C112: 20 | D112: Banca
A113: 02/03/2026 | B113: Starlink Internet - marzo | C113: 20 | D113: Banca
A114: 02/04/2026 | B114: Starlink Internet - aprile | C114: 20 | D114: Screenshot
A115: 14/02/2026 | B115: Energia elettrica ACME | C115: 114 | D115: Banca
A116: 04/11/2025 | B116: Fattura n.1633 27/10/2025 (GPL) | C116: 47.7 | D116: Banca
A117: 03/03/2026 | B117: Fattura 470 28/01 (GPL) | C117: 370.01 | D117: Banca
A118: 29/03/2026 | B118: Fattura 1111 del 02/03 (GPL) | C118: 293.54 | D118: Banca
A119: 01/12/2025 | B119: Acqua VUS (PagoPA) | C119: 97.74 | D119: Banca
A120: 08/03/2026 | B120: Rifiuti VUS (bollettino 126+1,50) | C120: 127.5 | D120: Banca
... A123: 01/12/2025 | B123: Legna riscaldamento (contanti) | C123: 180 | D123: Manuale
A124: TOTALE | C124: =SUM(C109:C123)
A126: CASA / ARREDAMENTO
A127: Data | B127: Descrizione | C127: Importo | D127: Fonte | E127: Pagato | F127: Note
A128: 01/10/2025 | B128: I Vivai di Ferri (piante) | C128: 16 | D128: Banca
A129: 06/10/2025 | B129: D161 Trevi | C129: 6.96 | D129: Banca
A130: 06/10/2025 | B130: BRICO IO Foligno | C130: 78.92 | D130: Banca
A131: 07/10/2025 | B131: Angolo del Pulito (pulizia) | C131: 9 | D131: Banca
A132: 07/10/2025 | B132: Angolo del Pulito (pulizia) | C132: 2 | D132: Banca
A133: 08/10/2025 | B133: BRICO IO Foligno | C133: 10.9 | D133: Banca
A134: 15/10/2025 | B134: BRICO IO Foligno | C134: 10.97 | D134: Banca
A135: 29/10/2025 | B135: La Primula Foligno | C135: 30 | D135: Banca
A136: 12/11/2025 | B136: Rica Gest SRL Perugia | C136: 6.66 | D136: Banca
A137: 26/11/2025 | B137: Locker InPost | C137: 6.99 | D137: Banca
A138: 24/02/2026 | B138: Deumidificatore | C138: 100 | D138: Banca
A139: 16/03/2026 | B139: Agridee Bevagna | C139: 28.9 | D139: Banca
A140: 16/03/2026 | B140: BRICO IO Foligno | C140: 16.49 | D140: Banca
A141: TOTALE | C141: =SUM(C128:C140)
A143: VIAGGI - NAPOLI/ROMA (11-12 Ott)
A144: Data | B144: Descrizione | C144: Importo | D144: Fonte | E144: Pagato | F144: Note
A145: 11/10/2025 | B145: Benzina Q8 Cioccoloni | C145: 48.3 | D145: Banca
A146: 11/10/2025 | B146: Bella Napoli ristorante | C146: 21.6 | D146: Banca
...

Sheet Spese Personali
A1: SPESE PERSONALI ALEX (non da dividere)
A3: VIAGGIO MILANO (21-22 Gen)
A4: Data | B4: Descrizione | C4: Importo | D4: Fonte | E4: Note
A5: 21/01/2026 | B5: EXAL SRL hotel Milano | C5: 9.5 | D5: Banca
A6: TOTALE | C6: =SUM(C5)
A8: CARBURANTE (quotidiano)
A9: Data | B9: Descrizione | C9: Importo | D9: Fonte | E9: Note
A10: 03/10/2025 | B10: Distributore Ponte San Giovanni | C10: 12.63 | D10: Banca
A11: 16/10/2025 | B11: PV4894 Foligno | C11: 17.45 | D11: Banca
A12: 18/10/2025 | B12: B.D.S. AGIP Rapolano Terme | C12: 9.12 | D12: Banca
A13: 19/10/2025 | B13: IP PV 43656 Perugia | C13: 12.6 | D13: Banca
A14: 27/10/2025 | B14: Kuwait Petroleum Bastia Umbra | C14: 20.3 | D14: Banca
A15: 31/10/2025 | B15: Q8 Cioccoloni Bastia Umbra | C15: 15.5 | D15: Banca
A16: 05/11/2025 | B16: PV4894 Foligno | C16: 17.94 | D16: Banca
A17: 14/11/2025 | B17: Q8 Cioccoloni Bastia Umbra | C17: 16 | D17: Banca
A18: 19/11/2025 | B18: IP PV 43656 Perugia | C18: 15.4 | D18: Banca
A19: 27/11/2025 | B19: 47748 Foligno | C19: 30.03 | D19: Banca
A20: 28/11/2025 | B20: Stazione Servizio Trevi | C20: 19.8 | D20: Banca
A21: 06/12/2025 | B21: Automigliorgas Perugia | C21: 21.9 | D21: Banca
... A28: 06/04/2026 | B28: Q8 Cioccoloni | C28: 21.12 | D28: Screenshot
A29: TOTALE | C29: =SUM(C10:C28)
A31: SALUTE / FARMACIA
A32: Data | B32: Descrizione | C32: Importo | D32: Fonte | E32: Note
A33: 07/10/2025 | B33: AFAM SPA Foligno | C33: 26 | D33: Banca
A34: 13/10/2025 | B34: Dott Studio Medico Perugia | C34: 180 | D34: Banca
A35: 17/10/2025 | B35: Farmacia Bartoli Foligno | C35: 68.9 | D35: Banca
A36: 28/10/2025 | B36: Farmacia AFAS Perugia | C36: 19.9 | D36: Banca
A37: 28/10/2025 | B37: Rimborso farmacia (entrata) | C37: -40 | D37: Banca
A38: 12/11/2025 | B38: Farmacia Pimpinelli Magione | C38: 28 | D38: Banca
A39: 19/11/2025 | B39: Dott Studio Medico Perugia | C39: 180 | D39: Banca
A40: 27/11/2025 | B40: Farmacie Peppoloni Foligno | C40: 15 | D40: Banca
A41: 08/01/2026 | B41: Farmacia Bartoli SRL Foligno | C41: 5.9 | D41: Banca
A42: 26/01/2026 | B42: Farmacia San Vito (PayPal) | C42: 89.66 | D42: PayPal
A43: 26/01/2026 | B43: FarmaSave (PayPal) | C43: 79.18 | D43: PayPal
A44: TOTALE | C44: =SUM(C33:C43)
A46: AUTO / TRASPORTI
A47: Data | B47: Descrizione | C47: Importo | D47: Fonte | E47: Note
A48: 03/10/2025 | B48: PE.SA. Gomme Perugia | C48: 15 | D48: Banca
A49: 25/01/2026 | B49: Tasse/bollo PagoPA | C49: 114.26 | D49: Banca
A50: 27/01/2026 | B50: Tasse/bollo PagoPA Banca Sella | C50: 144.52 | D50: Banca
A51: 13/02/2026 | B51: Autofficina Elettrauto Foligno | C51: 78.75 | D51: Banca
A52: TOTALE | C52: =SUM(C48:C51)
A54: POKERINO / SKIPASS (personale)
A55: Data | B55: Descrizione | C55: Importo | D55: Fonte | E55: Note
A56: 18/11/2025 | B56: Pokerino Foligno | C56: 10.9 | D56: Banca
A57: 23/01/2026 | B57: Pokerino Foligno | C57: 11.4 | D57: Banca
A58: 26/12/2025 | B58: Skipass Maestri Sestola | C58: 45 | D58: Banca
A59: 28/12/2025 | B59: Skipass Maestri Sestola | C59: 45 | D59: Banca
A60: TOTALE | C60: =SUM(C56:C59)
A62: ABBIGLIAMENTO / MODA
A63: Data | B63: Descrizione | C63: Importo | D63: Fonte | E63: Note
A64: 03/10/2025 | B64: SumUp Barbagangi vintage | C64: 19 | D64: Banca
A65: 15/10/2025 | B65: Vinted | C65: 45.95 | D65: Banca
A66: 16/10/2025 | B66: Vinted | C66: 29.94 | D66: Banca
A67: 28/11/2025 | B67: Decathlon Foligno | C67: 92.92 | D67: Banca
A68: 11/12/2025 | B68: Vinted | C68: 7.94 | D68: Banca
A69: 14/11/2025 | B69: SumUp Barbagangi | C69: 19 | D69: Banca
A70: 24/12/2025 | B70: Decathlon Foligno | C70: 141.95 | D70: Banca
A71: 27/02/2026 | B71: SumUp Barbagangi | C71: 19 | D71: Banca
A72: 16/03/2026 | B72: Globo Foligno | C72: 14.9 | D72: Banca
A73: 25/02/2026 | B73: SHEIN (PayPal) | C73: 43.81 | D73: PayPal
A74: 04/11/2025 | B74: Etsy | C74: 99.42 | D74: PayPal
A75: 25/02/2026 | B75: Etsy | C75: 43.75 | D75: PayPal
A76: TOTALE | C76: =SUM(C64:C75)
A78: TECNOLOGIA / ELETTRONICA
A79: Data | B79: Descrizione | C79: Importo | D79: Fonte | E79: Note
A80: 07/01/2026 | B80: eBay acquisto | C80: 37.99 | D80: Banca
A81: 18/01/2026 | B81: Keychron tastiera (PayPal) | C81: 120.5 | D81: PayPal
A82: TOTALE | C82: =SUM(C80:C81)
A84: ABBONAMENTI PERSONALI
A85: Data | B85: Descrizione | C85: Importo | D85: Fonte | E85: Note
A86: 28/10/2025 | B86: Vodafone | C86: 5 | D86: Banca
A87: 27/11/2025 | B87: Vodafone | C87: 5 | D87: Banca
A88: 29/12/2025 | B88: Vodafone | C88: 5 | D88: Banca
A89: 29/01/2026 | B89: Vodafone | C89: 5 | D89: Banca
A90: 27/02/2026 | B90: Fastweb | C90: 5 | D90: Banca
A91: 30/03/2026 | B91: Fastweb | C91: 5 | D91: Banca
A92: 10/11/2025 | B92: OpenAI ChatGPT | C92: 23 | D92: Banca
A93: 21/11/2025 | B93: Rimborso OpenAI | C93: -15.59 | D93: Banca
A94: 15/12/2025 | B94: HO-Mobile.it | C94: 8.99 | D94: Banca
A95: 13/03/2026 | B95: HO-Mobile.it ricarica | C95: 5.95 | D95: Banca
A96: 24/02/2026 | B96: Windsurf IDE | C96: 15.59 | D96: Banca
A97: 11/03/2026 | B97: Windsurf IDE | C97: 8.64 | D97: Banca
... A102: 25/01/2026 | B102: Stripe Payments | C102: 19.22 | D102: Banca
A103: TOTALE | C103: =SUM(C86:C102)
A105: PAYPAL - VITTORIO PENZO
A106: Data | B106: Descrizione | C106: Importo | D106: Fonte | E106: Note
A107: 19/09/2025 | B107: Vittorio Penzo | C107: 60 | D107: PayPal
A108: 25/09/2025 | B108: Vittorio Penzo | C108: 63 | D108: PayPal
A109: 29/09/2025 | B109: Vittorio Penzo | C109: 63 | D109: PayPal
A110: 27/10/2025 | B110: Vittorio Penzo | C110: 63 | D110: PayPal
A111: 04/11/2025 | B111: Vittorio Penzo | C111: 60 | D111: PayPal
A112: 17/11/2025 | B112: Vittorio Penzo | C112: 60 | D112: PayPal
A113: 01/12/2025 | B113: Vittorio Penzo | C113: 60 | D113: PayPal
A114: 26/01/2026 | B114: Vittorio Penzo | C114: 63 | D114: PayPal
A115: TOTALE | C115: =SUM(C107:C114)
A117: PAYPAL - ALTRI (personale)
A118: Data | B118: Descrizione | C118: Importo | D118: Fonte | E118: Note
A119: 22/10/2025 | B119: Valentina Arrigoni | C119: 215 | D119: PayPal
A120: 30/10/2025 | B120: United Parcel Service spedizione | C120: 15.14 | D120: PayPal
...

Sheet Bonifici
A1: BONIFICI TRA ALEX E BLAKE
A3: BONIFICI INVIATI A BLAKE (uscite)
A4: Data | B4: Descrizione | C4: Importo | D4: Fonte | E4: Note
A5: 30/01/2026 | B5: Per le spese della micia | C5: 50 | D5: Banca
A6: 22/02/2026 | B6: Per la mia micia | C6: 20 | D6: Banca
A7: 12/03/2026 | B7: Pio Pio | C7: 80 | D7: Banca
A8: 03/11/2025 | B8: Alex Sample, Blake Sample | C8: -280 | D8: Banca
A9: 21/03/2026 | B9: BLAKE SAMPLE | C9: -500 | D9: Banca
A10: 24/02/2026 | B10: FOR MY LADY | C10: -50 | D10: Banca
A11: TOTALE | C11: =SUM(C5:C10)
A13: BONIFICI RICEVUTI DA BLAKE (entrate)
A14: Data | B14: Descrizione | C14: Importo | D14: Fonte | E14: Note
A15: 19/11/2025 | B15: affitto e spese | C15: 500 | D15: Banca
A16: 20/11/2025 | B16: UNICO RAGAZZO CHE CHIEDE I SOLDI ALLA TIPA | C16: 210 | D16: Banca
A17: 07/11/2025 | B17: BENEFICIENZA BAMBINO POVERO DA SUGAR MOMMYY | C17: 150 | D17: Banca
A18: 10/11/2025 | B18: LADRO | C18: 400 | D18: Banca
A19: 24/03/2026 | B19: DALLA SUGAR MAMI:)) | C19: 500 | D19: Banca
A20: 24/03/2026 | B20: X PIZZA PERCHE NON SONO BRAVA MOGLIE:( | C20: 10 | D20: Banca
A21: 26/01/2026 | B21: SPESA | C21: 16.27 | D21: Banca
A22: 16/01/2026 | B22: pulizia giardino | C22: 40 | D22: Banca
A23: 16/02/2026 | B23: Rimborso Regalo | C23: 80 | D23: Banca
A24: 01/04/2026 | B24: Bonifico ricevuto - Spese | C24: 300 | D24: Screenshot
A25: TOTALE | C25: =SUM(C15:C24)
A28: Totale inviato a Blake | C28: =C11
A29: Totale ricevuto da Blake | C29: =C25
A30: NETTO ricevuto da Blake | C30: =C29+C28

Sheet Riepilogo Finale
A1: RIEPILOGO DIVISIONE SPESE
A2: Percentuali: | C2: 0.7 | D2: 0.3
A4: Categoria | B4: Totale | C4: ="Quota Alex ("&TEXT(C2,"0%")&")" | D4: ="Quota Blake ("&TEXT(D2,"0%")&")"
A5: AFFITTO | B5: ='Spese Condivise'!C11 | C5: =B5*C$2 | D5: =B5*D$2
A6: SPESA FISSA MENSILE (100 EUR/mese) | B6: ='Spese Condivise'!C22 | C6: =B6*C$2 | D6: =B6*D$2
A7: SUPERMERCATO / ALIMENTARI | B7: ='Spese Condivise'!C68 | C7: =B7*C$2 | D7: =B7*D$2
A8: VERDURE MATTIA BRUNI (PayPal) | B8: ='Spese Condivise'!C91 | C8: =B8*C$2 | D8: =B8*D$2
A9: KORO ALIMENTARI (PayPal) | B9: ='Spese Condivise'!C100 | C9: =B9*C$2 | D9: =B9*D$2
A10: MANDORLE / NOCCIOLE (forfettario) | B10: ='Spese Condivise'!C105 | C10: =B10*C$2 | D10: =B10*D$2
A11: BOLLETTE / UTENZE | B11: ='Spese Condivise'!C124 | C11: =B11*C$2 | D11: =B11*D$2
A12: CASA / ARREDAMENTO | B12: ='Spese Condivise'!C141 | C12: =B12*C$2 | D12: =B12*D$2
A13: VIAGGI - NAPOLI/ROMA (11-12 Ott) | B13: ='Spese Condivise'!C161 | C13: =B13*C$2 | D13: =B13*D$2
A14: VIAGGI - PISA (29 Nov) | B14: ='Spese Condivise'!C174 | C14: =B14*C$2 | D14: =B14*D$2
A15: VIAGGI - SESTOLA SCI (27-29 Dic) | B15: ='Spese Condivise'!C193 | C15: =B15*C$2 | D15: =B15*D$2
A16: VIAGGI - VOLI/PRENOTAZIONI | B16: ='Spese Condivise'!C198 | C16: =B16*C$2 | D16: =B16*D$2
A17: RISTORANTI / BAR (locale) | B17: ='Spese Condivise'!C211 | C17: =B17*C$2 | D17: =B17*D$2
A18: AMAZON (vari - per casa?) | B18: ='Spese Condivise'!C255 | C18: =B18*C$2 | D18: =B18*D$2
A19: SPETTACOLI / CINEMA | B19: ='Spese Condivise'!C260 | C19: =B19*C$2 | D19: =B19*D$2
A20: TECNOLOGIA / ELETTRONICA (condivisa) | B20: ='Spese Condivise'!C268 | C20: =B20*C$2 | D20: =B20*D$2
A21: ANIMALI / MICIA (condivisa) | B21: ='Spese Condivise'!C274 | C21: =B21*C$2 | D21: =B21*D$2
A22: ACQUISTI VARI (condivisi) | B22: ='Spese Condivise'!C287 | C22: =B22*C$2 | D22: =B22*D$2
A23: GOOGLE PLAY APPS | B23: ='Spese Condivise'!C297 | C23: =B23*C$2 | D23: =B23*D$2
A24: Eliminazione Amazon, tecnologia, acquisti vari | B24: =-(B18+B20+B22+B12)
A25: TOTALE SPESE CONDIVISE | B25: =SUM(B5:B24) | C25: =B25*C2 | D25: =B25*D2
A28: CALCOLO FINALE
A30: Blake deve a Alex (quota spese condivise) | B30: =D25
A31: Blake ha gia' dato a Alex (bonifici) | B31: ='Bonifici Blake'!C25
A32: Alex ha inviato a Blake (bonifici) | B32: =ABS('Bonifici Blake'!C11)
A34: BLAKE DEVE ANCORA A ALEX | B34: =B30-B31+B32
A36: NOTA: Questo calcolo non tiene conto delle spese segnate come 'Pagato=SI'
A37: nel foglio 'Spese Condivise'. Aggiorna manualmente se necessario.
